id,address,longitude,latitude,name,types,primary_type,national_number,website_uri,rating_count,open_hours,rating,international_number,price_level,price_range
ChIJ19Z2KiEDdkgR8wjNAQT2CkI,"7 Gracechurch St, London EC3V 0DR, UK",-0.0847454,51.5128214,The Counter Coffee and Lounge,"['coffee_shop', 'cafe', 'food_store', 'bar', 'food', 'point_of_interest', 'store', 'establishment']",coffee_shop,020 7666 1620,https://www.clubquartershotels.com/london/london-city/the-counter,125,"{'openNow': True, 'periods': [{'open': {'day': 0, 'hour': 7, 'minute': 30}, 'close': {'day': 0, 'hour': 23, 'minute': 0}}, {'open': {'day': 1, 'hour': 6, 'minute': 30}, 'close': {'day': 1, 'hour': 23, 'minute': 0}}, {'open': {'day': 2, 'hour': 6, 'minute': 30}, 'close': {'day': 2, 'hour': 23, 'minute': 0}}, {'open': {'day': 3, 'hour': 6, 'minute': 30}, 'close': {'day': 3, 'hour': 23, 'minute': 0}}, {'open': {'day': 4, 'hour': 6, 'minute': 30}, 'close': {'day': 4, 'hour': 23, 'minute': 0}}, {'open': {'day': 5, 'hour': 6, 'minute': 30}, 'close': {'day': 5, 'hour': 23, 'minute': 0}}, {'open': {'day': 6, 'hour': 7, 'minute': 30}, 'close': {'day': 6, 'hour': 23, 'minute': 0}}], 'weekdayDescriptions': ['Monday: 6:30\u202fAM\u2009–\u200911:00\u202fPM', 'Tuesday: 6:30\u202fAM\u2009–\u200911:00\u202fPM', 'Wednesday: 6:30\u202fAM\u2009–\u200911:00\u202fPM', 'Thursday: 6:30\u202fAM\u2009–\u200911:00\u202fPM', 'Friday: 6:30\u202fAM\u2009–\u200911:00\u202fPM', 'Saturday: 7:30\u202fAM\u2009–\u200911:00\u202fPM', 'Sunday: 7:30\u202fAM\u2009–\u200911:00\u202fPM'], 'nextCloseTime': '2026-01-24T23:00:00Z'}",4.7,+44 20 7666 1620,,"{'startPrice': {'currencyCode': 'GBP', 'units': '1'}, 'endPrice': {'currencyCode': 'GBP', 'units': '10'}}"
ChIJNWMu5WEddkgRQrZLUuFjJW0,"155 Bishopsgate, Broadgate, London EC2M 3TQ, UK",-0.0800804,51.5188659,Black Sheep Coffee,"['coffee_shop', 'cafe', 'food_store', 'food', 'point_of_interest', 'store', 'establishment']",coffee_shop,020 3988 6994,https://blacksheepcoffee.co.uk/blogs/locations/bishopsgate?utm_source=ExtNet&utm_medium=Yext,967,"{'openNow': True, 'periods': [{'open': {'day': 0, 'hour': 8, 'minute': 0}, 'close': {'day': 0, 'hour': 20, 'minute': 0}}, {'open': {'day': 1, 'hour': 6, 'minute': 0}, 'close': {'day': 1, 'hour': 20, 'minute': 0}}, {'open': {'day': 2, 'hour': 6, 'minute': 0}, 'close': {'day': 2, 'hour': 20, 'minute': 0}}, {'open': {'day': 3, 'hour': 6, 'minute': 0}, 'close': {'day': 3, 'hour': 20, 'minute': 0}}, {'open': {'day': 4, 'hour': 6, 'minute': 0}, 'close': {'day': 4, 'hour': 20, 'minute': 0}}, {'open': {'day': 5, 'hour': 6, 'minute': 0}, 'close': {'day': 5, 'hour': 20, 'minute': 0}}, {'open': {'day': 6, 'hour': 7, 'minute': 0}, 'close': {'day': 6, 'hour': 20, 'minute': 0}}], 'weekdayDescriptions': ['Monday: 6:00\u202fAM\u2009–\u20098:00\u202fPM', 'Tuesday: 6:00\u202fAM\u2009–\u20098:00\u202fPM', 'Wednesday: 6:00\u202fAM\u2009–\u20098:00\u202fPM', 'Thursday: 6:00\u202fAM\u2009–\u20098:00\u202fPM', 'Friday: 6:00\u202fAM\u2009–\u20098:00\u202fPM', 'Saturday: 7:00\u202fAM\u2009–\u20098:00\u202fPM', 'Sunday: 8:00\u202fAM\u2009–\u20098:00\u202fPM'], 'nextCloseTime': '2026-01-24T20:00:00Z'}",4.7,+44 20 3988 6994,PRICE_LEVEL_MODERATE,"{'startPrice': {'currencyCode': 'GBP', 'units': '1'}, 'endPrice': {'currencyCode': 'GBP', 'units': '10'}}"
ChIJa40tVwADdkgRBLYjftOp_dA,"10-13 Lombard Street, St Mary, Woolnoth, London EC3V 9AN, UK",-0.0881411,51.5128394,Newton's Coffee,"['cafe', 'community_center', 'coffee_shop', 'event_venue', 'food_store', 'food', 'point_of_interest', 'store', 'establishment']",cafe,07590 941180,https://www.newtonscoffee.co.uk/,84,"{'openNow': False, 'periods': [{'open': {'day': 1, 'hour': 7, 'minute': 0}, 'close': {'day': 1, 'hour': 16, 'minute': 0}}, {'open': {'day': 2, 'hour': 7, 'minute': 0}, 'close': {'day': 2, 'hour': 16, 'minute': 0}}, {'open': {'day': 3, 'hour': 7, 'minute': 0}, 'close': {'day': 3, 'hour': 16, 'minute': 0}}, {'open': {'day': 4, 'hour': 7, 'minute': 0}, 'close': {'day': 4, 'hour': 16, 'minute': 0}}, {'open': {'day': 5, 'hour': 7, 'minute': 0}, 'close': {'day': 5, 'hour': 14, 'minute': 0}}], 'weekdayDescriptions': ['Monday: 7:00\u202fAM\u2009–\u20094:00\u202fPM', 'Tuesday: 7:00\u202fAM\u2009–\u20094:00\u202fPM', 'Wednesday: 7:00\u202fAM\u2009–\u20094:00\u202fPM', 'Thursday: 7:00\u202fAM\u2009–\u20094:00\u202fPM', 'Friday: 7:00\u202fAM\u2009–\u20092:00\u202fPM', 'Saturday: Closed', 'Sunday: Closed'], 'nextOpenTime': '2026-01-26T07:00:00Z'}",4.9,+44 7590 941180,,"{'startPrice': {'currencyCode': 'GBP', 'units': '1'}, 'endPrice': {'currencyCode': 'GBP', 'units': '10'}}"
ChIJ6TkzIyEddkgR5Rzo25Iefg0,"5 Exchange Sq, London EC2A 2EH, UK",-0.0806688,51.5196759,Back To Mine,"['cafe', 'event_venue', 'bar', 'restaurant', 'food', 'point_of_interest', 'establishment']",bar,020 3773 8119,http://www.back-to-mine.com/,140,"{'openNow': True, 'periods': [{'open': {'day': 1, 'hour': 11, 'minute': 0}, 'close': {'day': 1, 'hour': 23, 'minute': 0}}, {'open': {'day': 2, 'hour': 11, 'minute': 0}, 'close': {'day': 2, 'hour': 23, 'minute': 0}}, {'open': {'day': 3, 'hour': 11, 'minute': 0}, 'close': {'day': 4, 'hour': 0, 'minute': 0}}, {'open': {'day': 4, 'hour': 11, 'minute': 0}, 'close': {'day': 5, 'hour': 0, 'minute': 0}}, {'open': {'day': 5, 'hour': 11, 'minute': 0}, 'close': {'day': 6, 'hour': 0, 'minute': 0}}, {'open': {'day': 6, 'hour': 11, 'minute': 0}, 'close': {'day': 6, 'hour': 23, 'minute': 0}}], 'weekdayDescriptions': ['Monday: 11:00\u202fAM\u2009–\u200911:00\u202fPM', 'Tuesday: 11:00\u202fAM\u2009–\u200911:00\u202fPM', 'Wednesday: 11:00\u202fAM\u2009–\u200912:00\u202fAM', 'Thursday: 11:00\u202fAM\u2009–\u200912:00\u202fAM', 'Friday: 11:00\u202fAM\u2009–\u200912:00\u202fAM', 'Saturday: 11:00\u202fAM\u2009–\u200911:00\u202fPM', 'Sunday: Closed'], 'nextCloseTime': '2026-01-24T23:00:00Z'}",4.8,+44 20 3773 8119,,
ChIJIVnP1_YddkgREU6TEmFVmcw,"Ground Floor, 40 Brushfield St, London E1 6AG, UK",-0.0769362,51.5189455,Nagare Coffee,"['coffee_shop', 'cafe', 'food_store', 'food', 'point_of_interest', 'store', 'establishment']",coffee_shop,,http://nagare.co.uk/,613,"{'openNow': False, 'periods': [{'open': {'day': 0, 'hour': 9, 'minute': 0}, 'close': {'day': 0, 'hour': 17, 'minute': 0}}, {'open': {'day': 1, 'hour': 8, 'minute': 0}, 'close': {'day': 1, 'hour': 16, 'minute': 30}}, {'open': {'day': 2, 'hour': 8, 'minute': 0}, 'close': {'day': 2, 'hour': 16, 'minute': 30}}, {'open': {'day': 3, 'hour': 8, 'minute': 0}, 'close': {'day': 3, 'hour': 16, 'minute': 30}}, {'open': {'day': 4, 'hour': 8, 'minute': 0}, 'close': {'day': 4, 'hour': 16, 'minute': 30}}, {'open': {'day': 5, 'hour': 8, 'minute': 0}, 'close': {'day': 5, 'hour': 16, 'minute': 30}}, {'open': {'day': 6, 'hour': 9, 'minute': 0}, 'close': {'day': 6, 'hour': 17, 'minute': 0}}], 'weekdayDescriptions': ['Monday: 8:00\u202fAM\u2009–\u20094:30\u202fPM', 'Tuesday: 8:00\u202fAM\u2009–\u20094:30\u202fPM', 'Wednesday: 8:00\u202fAM\u2009–\u20094:30\u202fPM', 'Thursday: 8:00\u202fAM\u2009–\u20094:30\u202fPM', 'Friday: 8:00\u202fAM\u2009–\u20094:30\u202fPM', 'Saturday: 9:00\u202fAM\u2009–\u20095:00\u202fPM', 'Sunday: 9:00\u202fAM\u2009–\u20095:00\u202fPM'], 'nextOpenTime': '2026-01-25T09:00:00Z'}",4.7,,,"{'startPrice': {'currencyCode': 'GBP', 'units': '1'}, 'endPrice': {'currencyCode': 'GBP', 'units': '10'}}"
ChIJSerkwysddkgRBQGWMI3QB7s,"18 Devonshire Row, London EC2M 4RH, UK",-0.0799479,51.5168433,Zamarut - Speciality Coffee,"['coffee_shop', 'cafe', 'food_store', 'food', 'point_of_interest', 'store', 'establishment']",coffee_shop,07459 780913,https://www.instagram.com/zamarutcafe/,568,"{'openNow': False, 'periods': [{'open': {'day': 0, 'hour': 9, 'minute': 0}, 'close': {'day': 0, 'hour': 17, 'minute': 0}}, {'open': {'day': 1, 'hour': 7, 'minute': 30}, 'close': {'day': 1, 'hour': 18, 'minute': 0}}, {'open': {'day': 2, 'hour': 7, 'minute': 30}, 'close': {'day': 2, 'hour': 18, 'minute': 0}}, {'open': {'day': 3, 'hour': 7, 'minute': 30}, 'close': {'day': 3, 'hour': 18, 'minute': 0}}, {'open': {'day': 4, 'hour': 7, 'minute': 30}, 'close': {'day': 4, 'hour': 18, 'minute': 0}}, {'open': {'day': 5, 'hour': 7, 'minute': 30}, 'close': {'day': 5, 'hour': 18, 'minute': 0}}, {'open': {'day': 6, 'hour': 9, 'minute': 0}, 'close': {'day': 6, 'hour': 17, 'minute': 0}}], 'weekdayDescriptions': ['Monday: 7:30\u202fAM\u2009–\u20096:00\u202fPM', 'Tuesday: 7:30\u202fAM\u2009–\u20096:00\u202fPM', 'Wednesday: 7:30\u202fAM\u2009–\u20096:00\u202fPM', 'Thursday: 7:30\u202fAM\u2009–\u20096:00\u202fPM', 'Friday: 7:30\u202fAM\u2009–\u20096:00\u202fPM', 'Saturday: 9:00\u202fAM\u2009–\u20095:00\u202fPM', 'Sunday: 9:00\u202fAM\u2009–\u20095:00\u202fPM'], 'nextOpenTime': '2026-01-25T09:00:00Z'}",4.8,+44 7459 780913,,"{'startPrice': {'currencyCode': 'GBP', 'units': '1'}, 'endPrice': {'currencyCode': 'GBP', 'units': '10'}}"
ChIJ8R9KejMbdkgR4JOW1fpm0uU,"47 London Wall, London EC2M 5TE, UK",-0.0881,51.5169781,Forbes and Hamilton Coffee House,"['coffee_shop', 'cafe', 'food_store', 'food', 'point_of_interest', 'store', 'establishment']",coffee_shop,07525 155957,http://wildandwoodcoffee.co.uk/,379,"{'openNow': False, 'periods': [{'open': {'day': 1, 'hour': 7, 'minute': 0}, 'close': {'day': 1, 'hour': 17, 'minute': 30}}, {'open': {'day': 2, 'hour': 7, 'minute': 0}, 'close': {'day': 2, 'hour': 17, 'minute': 30}}, {'open': {'day': 3, 'hour': 7, 'minute': 0}, 'close': {'day': 3, 'hour': 17, 'minute': 30}}, {'open': {'day': 4, 'hour': 7, 'minute': 0}, 'close': {'day': 4, 'hour': 17, 'minute': 30}}, {'open': {'day': 5, 'hour': 7, 'minute': 0}, 'close': {'day': 5, 'hour': 16, 'minute': 30}}], 'weekdayDescriptions': ['Monday: 7:00\u202fAM\u2009–\u20095:30\u202fPM', 'Tuesday: 7:00\u202fAM\u2009–\u20095:30\u202fPM', 'Wednesday: 7:00\u202fAM\u2009–\u20095:30\u202fPM', 'Thursday: 7:00\u202fAM\u2009–\u20095:30\u202fPM', 'Friday: 7:00\u202fAM\u2009–\u20094:30\u202fPM', 'Saturday: Closed', 'Sunday: Closed'], 'nextOpenTime': '2026-01-26T07:00:00Z'}",4.4,+44 7525 155957,PRICE_LEVEL_INEXPENSIVE,"{'startPrice': {'currencyCode': 'GBP', 'units': '1'}, 'endPrice': {'currencyCode': 'GBP', 'units': '10'}}"
ChIJydPPflUDdkgROER0k8D6E8U,"78 Queen Victoria St, London EC4N 4SJ, UK",-0.0935035,51.5125801,Rosslyn Coffee Queen Victoria Street,"['coffee_shop', 'cafe', 'food_store', 'food', 'point_of_interest', 'store', 'establishment']",coffee_shop,,https://www.rosslyncoffee.com/?utm_source=GMB-listing,1225,"{'openNow': False, 'periods': [{'open': {'day': 1, 'hour': 6, 'minute': 30}, 'close': {'day': 1, 'hour': 17, 'minute': 0}}, {'open': {'day': 2, 'hour': 6, 'minute': 30}, 'close': {'day': 2, 'hour': 17, 'minute': 0}}, {'open': {'day': 3, 'hour': 6, 'minute': 30}, 'close': {'day': 3, 'hour': 17, 'minute': 0}}, {'open': {'day': 4, 'hour': 6, 'minute': 30}, 'close': {'day': 4, 'hour': 17, 'minute': 0}}, {'open': {'day': 5, 'hour': 6, 'minute': 30}, 'close': {'day': 5, 'hour': 17, 'minute': 0}}, {'open': {'day': 6, 'hour': 8, 'minute': 0}, 'close': {'day': 6, 'hour': 16, 'minute': 0}}], 'weekdayDescriptions': ['Monday: 6:30\u202fAM\u2009–\u20095:00\u202fPM', 'Tuesday: 6:30\u202fAM\u2009–\u20095:00\u202fPM', 'Wednesday: 6:30\u202fAM\u2009–\u20095:00\u202fPM', 'Thursday: 6:30\u202fAM\u2009–\u20095:00\u202fPM', 'Friday: 6:30\u202fAM\u2009–\u20095:00\u202fPM', 'Saturday: 8:00\u202fAM\u2009–\u20094:00\u202fPM', 'Sunday: Closed'], 'nextOpenTime': '2026-01-26T06:30:00Z'}",4.8,,PRICE_LEVEL_MODERATE,"{'startPrice': {'currencyCode': 'GBP', 'units': '1'}, 'endPrice': {'currencyCode': 'GBP', 'units': '10'}}"
ChIJf61AYjQddkgRWAtM0UwRgos,"80 Finsbury Pavement, London EC2Y 9AU, UK",-0.0872125,51.5200984,Blank Street Coffee,"['coffee_shop', 'cafe', 'food_store', 'food', 'point_of_interest', 'store', 'establishment']",coffee_shop,,https://www.blankstreet.com/,854,"{'openNow': False, 'periods': [{'open': {'day': 0, 'hour': 8, 'minute': 0}, 'close': {'day': 0, 'hour': 18, 'minute': 0}}, {'open': {'day': 1, 'hour': 6, 'minute': 30}, 'close': {'day': 1, 'hour': 19, 'minute': 0}}, {'open': {'day': 2, 'hour': 6, 'minute': 30}, 'close': {'day': 2, 'hour': 19, 'minute': 0}}, {'open': {'day': 3, 'hour': 6, 'minute': 30}, 'close': {'day': 3, 'hour': 19, 'minute': 0}}, {'open': {'day': 4, 'hour': 6, 'minute': 30}, 'close': {'day': 4, 'hour': 19, 'minute': 0}}, {'open': {'day': 5, 'hour': 6, 'minute': 30}, 'close': {'day': 5, 'hour': 19, 'minute': 0}}, {'open': {'day': 6, 'hour': 8, 'minute': 0}, 'close': {'day': 6, 'hour': 19, 'minute': 0}}], 'weekdayDescriptions': ['Monday: 6:30\u202fAM\u2009–\u20097:00\u202fPM', 'Tuesday: 6:30\u202fAM\u2009–\u20097:00\u202fPM', 'Wednesday: 6:30\u202fAM\u2009–\u20097:00\u202fPM', 'Thursday: 6:30\u202fAM\u2009–\u20097:00\u202fPM', 'Friday: 6:30\u202fAM\u2009–\u20097:00\u202fPM', 'Saturday: 8:00\u202fAM\u2009–\u20097:00\u202fPM', 'Sunday: 8:00\u202fAM\u2009–\u20096:00\u202fPM'], 'nextOpenTime': '2026-01-25T08:00:00Z'}",4.7,,,"{'startPrice': {'currencyCode': 'GBP', 'units': '1'}, 'endPrice': {'currencyCode': 'GBP', 'units': '10'}}"
ChIJ0yHEGScddkgR5eVTTAA4tJ0,"222 Bishopsgate, London EC2M 4QD, UK",-0.0793166,51.5184827,Store Street Espresso,"['coffee_shop', 'cafe', 'food_store', 'food', 'point_of_interest', 'store', 'establishment']",coffee_shop,,https://www.storestespresso.co.uk/,124,"{'openNow': False, 'periods': [{'open': {'day': 0, 'hour': 10, 'minute': 0}, 'close': {'day': 0, 'hour': 17, 'minute': 0}}, {'open': {'day': 1, 'hour': 7, 'minute': 0}, 'close': {'day': 1, 'hour': 16, 'minute': 0}}, {'open': {'day': 2, 'hour': 7, 'minute': 0}, 'close': {'day': 2, 'hour': 16, 'minute': 0}}, {'open': {'day': 3, 'hour': 7, 'minute': 0}, 'close': {'day': 3, 'hour': 16, 'minute': 0}}, {'open': {'day': 4, 'hour': 7, 'minute': 0}, 'close': {'day': 4, 'hour': 16, 'minute': 0}}, {'open': {'day': 5, 'hour': 7, 'minute': 0}, 'close': {'day': 5, 'hour': 16, 'minute': 0}}, {'open': {'day': 6, 'hour': 9, 'minute': 0}, 'close': {'day': 6, 'hour': 17, 'minute': 0}}], 'weekdayDescriptions': ['Monday: 7:00\u202fAM\u2009–\u20094:00\u202fPM', 'Tuesday: 7:00\u202fAM\u2009–\u20094:00\u202fPM', 'Wednesday: 7:00\u202fAM\u2009–\u20094:00\u202fPM', 'Thursday: 7:00\u202fAM\u2009–\u20094:00\u202fPM', 'Friday: 7:00\u202fAM\u2009–\u20094:00\u202fPM', 'Saturday: 9:00\u202fAM\u2009–\u20095:00\u202fPM', 'Sunday: 10:00\u202fAM\u2009–\u20095:00\u202fPM'], 'nextOpenTime': '2026-01-25T10:00:00Z'}",4.4,,,"{'startPrice': {'currencyCode': 'GBP', 'units': '1'}, 'endPrice': {'currencyCode': 'GBP', 'units': '10'}}"
ChIJxftNsZwDdkgRpbC9EcF1Gn8,"The Scalpel, 52 Lime St, London EC3M 7AF, UK",-0.0814442,51.5132552,Red Lion Coffee,"['coffee_shop', 'cafe', 'food_store', 'food', 'point_of_interest', 'store', 'establishment']",coffee_shop,,http://www.redlioncoffee.co.uk/,117,"{'openNow': False, 'periods': [{'open': {'day': 1, 'hour': 7, 'minute': 0}, 'close': {'day': 1, 'hour': 17, 'minute': 0}}, {'open': {'day': 2, 'hour': 7, 'minute': 0}, 'close': {'day': 2, 'hour': 17, 'minute': 0}}, {'open': {'day': 3, 'hour': 7, 'minute': 0}, 'close': {'day': 3, 'hour': 17, 'minute': 0}}, {'open': {'day': 4, 'hour': 7, 'minute': 0}, 'close': {'day': 4, 'hour': 17, 'minute': 0}}, {'open': {'day': 5, 'hour': 7, 'minute': 0}, 'close': {'day': 5, 'hour': 15, 'minute': 0}}], 'weekdayDescriptions': ['Monday: 7:00\u202fAM\u2009–\u20095:00\u202fPM', 'Tuesday: 7:00\u202fAM\u2009–\u20095:00\u202fPM', 'Wednesday: 7:00\u202fAM\u2009–\u20095:00\u202fPM', 'Thursday: 7:00\u202fAM\u2009–\u20095:00\u202fPM', 'Friday: 7:00\u202fAM\u2009–\u20093:00\u202fPM', 'Saturday: Closed', 'Sunday: Closed'], 'nextOpenTime': '2026-01-26T07:00:00Z'}",4.7,,,"{'startPrice': {'currencyCode': 'GBP', 'units': '1'}, 'endPrice': {'currencyCode': 'GBP', 'units': '10'}}"
ChIJaTgPf7AddkgR1vmJEkqhYa8,"87 Old Broad St, London EC2N 1BG, UK",-0.0836355,51.5166943,Blank Street Coffee,"['coffee_shop', 'cafe', 'food_store', 'food', 'point_of_interest', 'store', 'establishment']",coffee_shop,,https://www.blankstreet.com/,619,"{'openNow': False, 'periods': [{'open': {'day': 0, 'hour': 7, 'minute': 30}, 'close': {'day': 0, 'hour': 19, 'minute': 0}}, {'open': {'day': 1, 'hour': 6, 'minute': 30}, 'close': {'day': 1, 'hour': 19, 'minute': 0}}, {'open': {'day': 2, 'hour': 6, 'minute': 30}, 'close': {'day': 2, 'hour': 19, 'minute': 0}}, {'open': {'day': 3, 'hour': 6, 'minute': 30}, 'close': {'day': 3, 'hour': 19, 'minute': 0}}, {'open': {'day': 4, 'hour': 6, 'minute': 30}, 'close': {'day': 4, 'hour': 19, 'minute': 0}}, {'open': {'day': 5, 'hour': 6, 'minute': 30}, 'close': {'day': 5, 'hour': 19, 'minute': 0}}, {'open': {'day': 6, 'hour': 7, 'minute': 0}, 'close': {'day': 6, 'hour': 19, 'minute': 0}}], 'weekdayDescriptions': ['Monday: 6:30\u202fAM\u2009–\u20097:00\u202fPM', 'Tuesday: 6:30\u202fAM\u2009–\u20097:00\u202fPM', 'Wednesday: 6:30\u202fAM\u2009–\u20097:00\u202fPM', 'Thursday: 6:30\u202fAM\u2009–\u20097:00\u202fPM', 'Friday: 6:30\u202fAM\u2009–\u20097:00\u202fPM', 'Saturday: 7:00\u202fAM\u2009–\u20097:00\u202fPM', 'Sunday: 7:30\u202fAM\u2009–\u20097:00\u202fPM'], 'nextOpenTime': '2026-01-25T07:30:00Z'}",4.7,,,"{'startPrice': {'currencyCode': 'GBP', 'units': '1'}, 'endPrice': {'currencyCode': 'GBP', 'units': '10'}}"
ChIJI35wGBsddkgRoQ0tlSckmvE,"19 Widegate St, London E1 7HP, UK",-0.078206,51.5181603,ZeroToOne Coffee,"['coffee_shop', 'cafe', 'food_store', 'food', 'point_of_interest', 'store', 'establishment']",coffee_shop,07365 394670,https://zerotoonecoffee.co.uk/,276,"{'openNow': False, 'periods': [{'open': {'day': 0, 'hour': 9, 'minute': 0}, 'close': {'day': 0, 'hour': 17, 'minute': 0}}, {'open': {'day': 1, 'hour': 7, 'minute': 30}, 'close': {'day': 1, 'hour': 16, 'minute': 30}}, {'open': {'day': 2, 'hour': 7, 'minute': 30}, 'close': {'day': 2, 'hour': 17, 'minute': 0}}, {'open': {'day': 3, 'hour': 7, 'minute': 30}, 'close': {'day': 3, 'hour': 17, 'minute': 0}}, {'open': {'day': 4, 'hour': 7, 'minute': 30}, 'close': {'day': 4, 'hour': 17, 'minute': 0}}, {'open': {'day': 5, 'hour': 7, 'minute': 30}, 'close': {'day': 5, 'hour': 17, 'minute': 0}}, {'open': {'day': 6, 'hour': 9, 'minute': 0}, 'close': {'day': 6, 'hour': 17, 'minute': 0}}], 'weekdayDescriptions': ['Monday: 7:30\u202fAM\u2009–\u20094:30\u202fPM', 'Tuesday: 7:30\u202fAM\u2009–\u20095:00\u202fPM', 'Wednesday: 7:30\u202fAM\u2009–\u20095:00\u202fPM', 'Thursday: 7:30\u202fAM\u2009–\u20095:00\u202fPM', 'Friday: 7:30\u202fAM\u2009–\u20095:00\u202fPM', 'Saturday: 9:00\u202fAM\u2009–\u20095:00\u202fPM', 'Sunday: 9:00\u202fAM\u2009–\u20095:00\u202fPM'], 'nextOpenTime': '2026-01-25T09:00:00Z'}",4.9,+44 7365 394670,,"{'startPrice': {'currencyCode': 'GBP', 'units': '1'}, 'endPrice': {'currencyCode': 'GBP', 'units': '10'}}"
ChIJ49g8VwkDdkgRndhwVzcnqFk,"48 Cornhill, London EC3V 3PD, UK",-0.0852649,51.5133269,Devotion Coffee City,"['cafe', 'food', 'point_of_interest', 'establishment']",cafe,,,44,"{'openNow': False, 'periods': [{'open': {'day': 1, 'hour': 7, 'minute': 0}, 'close': {'day': 1, 'hour': 17, 'minute': 0}}, {'open': {'day': 2, 'hour': 7, 'minute': 0}, 'close': {'day': 2, 'hour': 17, 'minute': 0}}, {'open': {'day': 3, 'hour': 7, 'minute': 0}, 'close': {'day': 3, 'hour': 17, 'minute': 0}}, {'open': {'day': 4, 'hour': 7, 'minute': 0}, 'close': {'day': 4, 'hour': 17, 'minute': 0}}, {'open': {'day': 5, 'hour': 7, 'minute': 0}, 'close': {'day': 5, 'hour': 17, 'minute': 0}}], 'weekdayDescriptions': ['Monday: 7:00\u202fAM\u2009–\u20095:00\u202fPM', 'Tuesday: 7:00\u202fAM\u2009–\u20095:00\u202fPM', 'Wednesday: 7:00\u202fAM\u2009–\u20095:00\u202fPM', 'Thursday: 7:00\u202fAM\u2009–\u20095:00\u202fPM', 'Friday: 7:00\u202fAM\u2009–\u20095:00\u202fPM', 'Saturday: Closed', 'Sunday: Closed'], 'nextOpenTime': '2026-01-26T07:00:00Z'}",4.8,,,"{'startPrice': {'currencyCode': 'GBP', 'units': '1'}, 'endPrice': {'currencyCode': 'GBP', 'units': '10'}}"
ChIJTeIjL-gddkgRPx2dHtCM3YQ,"Augustine House, 6A Austin Friars, London EC2N 2HA, UK",-0.085235,51.5154477,Mr. Coffee,"['coffee_shop', 'cafe', 'food_store', 'restaurant', 'food', 'point_of_interest', 'store', 'establishment']",coffee_shop,,,,,,,,
ChIJgeoydbwddkgRV8SQAuUTeFE,"95 Middlesex St, London E1 7DA, UK",-0.0767828,51.5163379,Urban Baristas - Middlesex Street,"['coffee_shop', 'cafe', 'food_store', 'food', 'point_of_interest', 'store', 'establishment']",coffee_shop,,http://www.urbanbaristas.co.uk/,122,"{'openNow': False, 'periods': [{'open': {'day': 0, 'hour': 8, 'minute': 0}, 'close': {'day': 0, 'hour': 16, 'minute': 0}}, {'open': {'day': 1, 'hour': 7, 'minute': 30}, 'close': {'day': 1, 'hour': 17, 'minute': 0}}, {'open': {'day': 2, 'hour': 7, 'minute': 30}, 'close': {'day': 2, 'hour': 17, 'minute': 0}}, {'open': {'day': 3, 'hour': 7, 'minute': 30}, 'close': {'day': 3, 'hour': 17, 'minute': 0}}, {'open': {'day': 4, 'hour': 7, 'minute': 30}, 'close': {'day': 4, 'hour': 17, 'minute': 0}}, {'open': {'day': 5, 'hour': 7, 'minute': 30}, 'close': {'day': 5, 'hour': 17, 'minute': 0}}, {'open': {'day': 6, 'hour': 8, 'minute': 0}, 'close': {'day': 6, 'hour': 16, 'minute': 0}}], 'weekdayDescriptions': ['Monday: 7:30\u202fAM\u2009–\u20095:00\u202fPM', 'Tuesday: 7:30\u202fAM\u2009–\u20095:00\u202fPM', 'Wednesday: 7:30\u202fAM\u2009–\u20095:00\u202fPM', 'Thursday: 7:30\u202fAM\u2009–\u20095:00\u202fPM', 'Friday: 7:30\u202fAM\u2009–\u20095:00\u202fPM', 'Saturday: 8:00\u202fAM\u2009–\u20094:00\u202fPM', 'Sunday: 8:00\u202fAM\u2009–\u20094:00\u202fPM'], 'nextOpenTime': '2026-01-25T08:00:00Z'}",4.7,,,"{'startPrice': {'currencyCode': 'GBP', 'units': '1'}, 'endPrice': {'currencyCode': 'GBP', 'units': '10'}}"
ChIJ1fRYjo4ddkgRRZq7lphil6E,"118 London Wall, London EC2Y 5JA, UK",-0.0890369,51.5176899,Rosslyn Coffee London Wall,"['coffee_shop', 'cafe', 'food_store', 'food', 'point_of_interest', 'store', 'establishment']",coffee_shop,,https://www.rosslyncoffee.com/,379,"{'openNow': False, 'periods': [{'open': {'day': 1, 'hour': 6, 'minute': 30}, 'close': {'day': 1, 'hour': 17, 'minute': 0}}, {'open': {'day': 2, 'hour': 6, 'minute': 30}, 'close': {'day': 2, 'hour': 17, 'minute': 0}}, {'open': {'day': 3, 'hour': 6, 'minute': 30}, 'close': {'day': 3, 'hour': 17, 'minute': 0}}, {'open': {'day': 4, 'hour': 6, 'minute': 30}, 'close': {'day': 4, 'hour': 17, 'minute': 0}}, {'open': {'day': 5, 'hour': 6, 'minute': 30}, 'close': {'day': 5, 'hour': 17, 'minute': 0}}], 'weekdayDescriptions': ['Monday: 6:30\u202fAM\u2009–\u20095:00\u202fPM', 'Tuesday: 6:30\u202fAM\u2009–\u20095:00\u202fPM', 'Wednesday: 6:30\u202fAM\u2009–\u20095:00\u202fPM', 'Thursday: 6:30\u202fAM\u2009–\u20095:00\u202fPM', 'Friday: 6:30\u202fAM\u2009–\u20095:00\u202fPM', 'Saturday: Closed', 'Sunday: Closed'], 'nextOpenTime': '2026-01-26T06:30:00Z'}",4.7,,,"{'startPrice': {'currencyCode': 'GBP', 'units': '1'}, 'endPrice': {'currencyCode': 'GBP', 'units': '10'}}"
ChIJ99KJE94ddkgRw0xd2qoTtzs,"Unit 1, 60 London Wall, London EC2M 5TQ, UK",-0.0870451,51.5169258,Black Sheep Coffee,"['coffee_shop', 'cafe', 'food_store', 'food', 'point_of_interest', 'store', 'establishment']",coffee_shop,020 3988 6994,https://blacksheepcoffee.co.uk/blogs/locations/london-wall?utm_source=ExtNet&utm_medium=Yext,449,"{'openNow': False, 'periods': [{'open': {'day': 1, 'hour': 6, 'minute': 30}, 'close': {'day': 1, 'hour': 19, 'minute': 0}}, {'open': {'day': 2, 'hour': 6, 'minute': 30}, 'close': {'day': 2, 'hour': 19, 'minute': 0}}, {'open': {'day': 3, 'hour': 6, 'minute': 30}, 'close': {'day': 3, 'hour': 19, 'minute': 0}}, {'open': {'day': 4, 'hour': 6, 'minute': 30}, 'close': {'day': 4, 'hour': 19, 'minute': 0}}, {'open': {'day': 5, 'hour': 7, 'minute': 0}, 'close': {'day': 5, 'hour': 18, 'minute': 0}}, {'open': {'day': 6, 'hour': 9, 'minute': 0}, 'close': {'day': 6, 'hour': 17, 'minute': 0}}], 'weekdayDescriptions': ['Monday: 6:30\u202fAM\u2009–\u20097:00\u202fPM', 'Tuesday: 6:30\u202fAM\u2009–\u20097:00\u202fPM', 'Wednesday: 6:30\u202fAM\u2009–\u20097:00\u202fPM', 'Thursday: 6:30\u202fAM\u2009–\u20097:00\u202fPM', 'Friday: 7:00\u202fAM\u2009–\u20096:00\u202fPM', 'Saturday: 9:00\u202fAM\u2009–\u20095:00\u202fPM', 'Sunday: Closed'], 'nextOpenTime': '2026-01-26T06:30:00Z'}",4.7,+44 20 3988 6994,PRICE_LEVEL_MODERATE,"{'startPrice': {'currencyCode': 'GBP', 'units': '1'}, 'endPrice': {'currencyCode': 'GBP', 'units': '10'}}"
ChIJU1uiihQDdkgRNO48T2LAHZc,"Leadenhall Market, 15-18 Lime St, London EC3M 7AN, UK",-0.0833798,51.5122445,Rosslyn Coffee Leadenhall Market,"['coffee_shop', 'cafe', 'food_store', 'food', 'point_of_interest', 'store', 'establishment']",coffee_shop,,https://www.rosslyncoffee.com/,226,"{'openNow': False, 'periods': [{'open': {'day': 1, 'hour': 6, 'minute': 30}, 'close': {'day': 1, 'hour': 17, 'minute': 0}}, {'open': {'day': 2, 'hour': 6, 'minute': 30}, 'close': {'day': 2, 'hour': 17, 'minute': 0}}, {'open': {'day': 3, 'hour': 6, 'minute': 30}, 'close': {'day': 3, 'hour': 17, 'minute': 0}}, {'open': {'day': 4, 'hour': 6, 'minute': 30}, 'close': {'day': 4, 'hour': 17, 'minute': 0}}, {'open': {'day': 5, 'hour': 6, 'minute': 30}, 'close': {'day': 5, 'hour': 17, 'minute': 0}}], 'weekdayDescriptions': ['Monday: 6:30\u202fAM\u2009–\u20095:00\u202fPM', 'Tuesday: 6:30\u202fAM\u2009–\u20095:00\u202fPM', 'Wednesday: 6:30\u202fAM\u2009–\u20095:00\u202fPM', 'Thursday: 6:30\u202fAM\u2009–\u20095:00\u202fPM', 'Friday: 6:30\u202fAM\u2009–\u20095:00\u202fPM', 'Saturday: Closed', 'Sunday: Closed'], 'nextOpenTime': '2026-01-26T06:30:00Z'}",4.9,,,"{'startPrice': {'currencyCode': 'GBP', 'units': '1'}, 'endPrice': {'currencyCode': 'GBP', 'units': '10'}}"
ChIJrQ7nLrAddkgR72G2kJa2r5U,"22-24 Wormwood St, London EC2M 1RP, UK",-0.0822423,51.5163509,Urban Baristas,"['coffee_shop', 'cafe', 'food_store', 'food', 'point_of_interest', 'store', 'establishment']",coffee_shop,,http://urbanbaristas.co.uk/,152,"{'openNow': False, 'periods': [{'open': {'day': 0, 'hour': 8, 'minute': 0}, 'close': {'day': 0, 'hour': 17, 'minute': 0}}, {'open': {'day': 1, 'hour': 7, 'minute': 0}, 'close': {'day': 1, 'hour': 19, 'minute': 0}}, {'open': {'day': 2, 'hour': 7, 'minute': 0}, 'close': {'day': 2, 'hour': 19, 'minute': 0}}, {'open': {'day': 3, 'hour': 7, 'minute': 0}, 'close': {'day': 3, 'hour': 19, 'minute': 0}}, {'open': {'day': 4, 'hour': 7, 'minute': 0}, 'close': {'day': 4, 'hour': 19, 'minute': 0}}, {'open': {'day': 5, 'hour': 7, 'minute': 0}, 'close': {'day': 5, 'hour': 19, 'minute': 0}}, {'open': {'day': 6, 'hour': 8, 'minute': 0}, 'close': {'day': 6, 'hour': 17, 'minute': 0}}], 'weekdayDescriptions': ['Monday: 7:00\u202fAM\u2009–\u20097:00\u202fPM', 'Tuesday: 7:00\u202fAM\u2009–\u20097:00\u202fPM', 'Wednesday: 7:00\u202fAM\u2009–\u20097:00\u202fPM', 'Thursday: 7:00\u202fAM\u2009–\u20097:00\u202fPM', 'Friday: 7:00\u202fAM\u2009–\u20097:00\u202fPM', 'Saturday: 8:00\u202fAM\u2009–\u20095:00\u202fPM', 'Sunday: 8:00\u202fAM\u2009–\u20095:00\u202fPM'], 'nextOpenTime': '2026-01-25T08:00:00Z'}",4.5,,,"{'startPrice': {'currencyCode': 'GBP', 'units': '1'}, 'endPrice': {'currencyCode': 'GBP', 'units': '10'}}"
ChIJxbXv6dIDdkgRajPlvmnlwvc,"7 Frederick's Pl, London EC2R 8EA, UK",-0.0912236,51.5141107,Where's Fred's,"['restaurant', 'wine_bar', 'coffee_shop', 'cafe', 'bar', 'food_store', 'food', 'point_of_interest', 'store', 'establishment']",restaurant,020 7600 5228,http://wheresfreds.com/,202,"{'openNow': False, 'periods': [{'open': {'day': 1, 'hour': 7, 'minute': 30}, 'close': {'day': 1, 'hour': 15, 'minute': 0}}, {'open': {'day': 2, 'hour': 7, 'minute': 30}, 'close': {'day': 2, 'hour': 21, 'minute': 0}}, {'open': {'day': 3, 'hour': 7, 'minute': 30}, 'close': {'day': 3, 'hour': 21, 'minute': 0}}, {'open': {'day': 4, 'hour': 7, 'minute': 30}, 'close': {'day': 4, 'hour': 21, 'minute': 0}}, {'open': {'day': 5, 'hour': 7, 'minute': 30}, 'close': {'day': 5, 'hour': 15, 'minute': 0}}], 'weekdayDescriptions': ['Monday: 7:30\u202fAM\u2009–\u20093:00\u202fPM', 'Tuesday: 7:30\u202fAM\u2009–\u20099:00\u202fPM', 'Wednesday: 7:30\u202fAM\u2009–\u20099:00\u202fPM', 'Thursday: 7:30\u202fAM\u2009–\u20099:00\u202fPM', 'Friday: 7:30\u202fAM\u2009–\u20093:00\u202fPM', 'Saturday: Closed', 'Sunday: Closed'], 'nextOpenTime': '2026-01-26T07:30:00Z'}",4.5,+44 20 7600 5228,,"{'startPrice': {'currencyCode': 'GBP', 'units': '10'}, 'endPrice': {'currencyCode': 'GBP', 'units': '20'}}"
ChIJl25WOgAddkgRIMbnF7dR93Y,"156 London Wall, London EC2M 5QD, UK",-0.0874034,51.5171901,Nkora Coffee - London Wall,"['coffee_shop', 'cafe', 'food_store', 'food', 'point_of_interest', 'store', 'establishment']",coffee_shop,,http://www.nkora.co.uk/,69,"{'openNow': False, 'periods': [{'open': {'day': 0, 'hour': 9, 'minute': 30}, 'close': {'day': 0, 'hour': 15, 'minute': 0}}, {'open': {'day': 1, 'hour': 6, 'minute': 30}, 'close': {'day': 1, 'hour': 18, 'minute': 0}}, {'open': {'day': 2, 'hour': 6, 'minute': 30}, 'close': {'day': 2, 'hour': 18, 'minute': 0}}, {'open': {'day': 3, 'hour': 6, 'minute': 30}, 'close': {'day': 3, 'hour': 18, 'minute': 0}}, {'open': {'day': 4, 'hour': 6, 'minute': 30}, 'close': {'day': 4, 'hour': 18, 'minute': 0}}, {'open': {'day': 5, 'hour': 6, 'minute': 30}, 'close': {'day': 5, 'hour': 18, 'minute': 0}}, {'open': {'day': 6, 'hour': 9, 'minute': 30}, 'close': {'day': 6, 'hour': 15, 'minute': 0}}], 'weekdayDescriptions': ['Monday: 6:30\u202fAM\u2009–\u20096:00\u202fPM', 'Tuesday: 6:30\u202fAM\u2009–\u20096:00\u202fPM', 'Wednesday: 6:30\u202fAM\u2009–\u20096:00\u202fPM', 'Thursday: 6:30\u202fAM\u2009–\u20096:00\u202fPM', 'Friday: 6:30\u202fAM\u2009–\u20096:00\u202fPM', 'Saturday: 9:30\u202fAM\u2009–\u20093:00\u202fPM', 'Sunday: 9:30\u202fAM\u2009–\u20093:00\u202fPM'], 'nextOpenTime': '2026-01-25T09:30:00Z'}",4.9,,,"{'startPrice': {'currencyCode': 'GBP', 'units': '1'}, 'endPrice': {'currencyCode': 'GBP', 'units': '10'}}"
ChIJP7GdcFUDdkgREaaihtufN0s,"St Mary Aldermary, Watling St, London EC4M 9BW, UK",-0.0933404,51.5129101,Host Café,"['coffee_shop', 'cafe', 'food_store', 'food', 'point_of_interest', 'store', 'establishment']",coffee_shop,07873 438774,https://www.hostcafelondon.com/,759,"{'openNow': False, 'periods': [{'open': {'day': 1, 'hour': 7, 'minute': 30}, 'close': {'day': 1, 'hour': 16, 'minute': 0}}, {'open': {'day': 2, 'hour': 7, 'minute': 30}, 'close': {'day': 2, 'hour': 16, 'minute': 0}}, {'open': {'day': 3, 'hour': 7, 'minute': 30}, 'close': {'day': 3, 'hour': 16, 'minute': 0}}, {'open': {'day': 4, 'hour': 7, 'minute': 30}, 'close': {'day': 4, 'hour': 16, 'minute': 0}}, {'open': {'day': 5, 'hour': 7, 'minute': 30}, 'close': {'day': 5, 'hour': 16, 'minute': 0}}], 'weekdayDescriptions': ['Monday: 7:30\u202fAM\u2009–\u20094:00\u202fPM', 'Tuesday: 7:30\u202fAM\u2009–\u20094:00\u202fPM', 'Wednesday: 7:30\u202fAM\u2009–\u20094:00\u202fPM', 'Thursday: 7:30\u202fAM\u2009–\u20094:00\u202fPM', 'Friday: 7:30\u202fAM\u2009–\u20094:00\u202fPM', 'Saturday: Closed', 'Sunday: Closed'], 'nextOpenTime': '2026-01-26T07:30:00Z'}",4.7,+44 7873 438774,PRICE_LEVEL_INEXPENSIVE,"{'startPrice': {'currencyCode': 'GBP', 'units': '1'}, 'endPrice': {'currencyCode': 'GBP', 'units': '10'}}"
ChIJl1k0d1sddkgR4kCTpOlbckY,"280 Bishopsgate, London EC2M 4AG, UK",-0.0784175,51.5198299,Alchemy Cafe - Spitalfields,"['cafe', 'food', 'point_of_interest', 'establishment']",cafe,,,18,"{'openNow': False, 'periods': [{'open': {'day': 1, 'hour': 8, 'minute': 30}, 'close': {'day': 1, 'hour': 16, 'minute': 30}}, {'open': {'day': 2, 'hour': 8, 'minute': 30}, 'close': {'day': 2, 'hour': 16, 'minute': 30}}, {'open': {'day': 3, 'hour': 8, 'minute': 30}, 'close': {'day': 3, 'hour': 16, 'minute': 30}}, {'open': {'day': 4, 'hour': 8, 'minute': 30}, 'close': {'day': 4, 'hour': 16, 'minute': 30}}, {'open': {'day': 5, 'hour': 8, 'minute': 30}, 'close': {'day': 5, 'hour': 16, 'minute': 30}}], 'weekdayDescriptions': ['Monday: 8:30\u202fAM\u2009–\u20094:30\u202fPM', 'Tuesday: 8:30\u202fAM\u2009–\u20094:30\u202fPM', 'Wednesday: 8:30\u202fAM\u2009–\u20094:30\u202fPM', 'Thursday: 8:30\u202fAM\u2009–\u20094:30\u202fPM', 'Friday: 8:30\u202fAM\u2009–\u20094:30\u202fPM', 'Saturday: Closed', 'Sunday: Closed'], 'nextOpenTime': '2026-01-26T08:30:00Z'}",4.6,,,"{'startPrice': {'currencyCode': 'GBP', 'units': '1'}, 'endPrice': {'currencyCode': 'GBP', 'units': '10'}}"
ChIJkffi1voddkgRn0SGqnXCmiA,"25 Old Broad St, London EC2N 1HQ, UK",-0.0839199,51.5155364,Rosslyn Coffee Tower 42,"['coffee_shop', 'cafe', 'food_store', 'food', 'point_of_interest', 'store', 'establishment']",coffee_shop,,http://www.rosslyncoffee.com/,197,"{'openNow': False, 'periods': [{'open': {'day': 1, 'hour': 6, 'minute': 30}, 'close': {'day': 1, 'hour': 17, 'minute': 0}}, {'open': {'day': 2, 'hour': 6, 'minute': 30}, 'close': {'day': 2, 'hour': 17, 'minute': 0}}, {'open': {'day': 3, 'hour': 6, 'minute': 30}, 'close': {'day': 3, 'hour': 17, 'minute': 0}}, {'open': {'day': 4, 'hour': 6, 'minute': 30}, 'close': {'day': 4, 'hour': 17, 'minute': 0}}, {'open': {'day': 5, 'hour': 6, 'minute': 30}, 'close': {'day': 5, 'hour': 17, 'minute': 0}}], 'weekdayDescriptions': ['Monday: 6:30\u202fAM\u2009–\u20095:00\u202fPM', 'Tuesday: 6:30\u202fAM\u2009–\u20095:00\u202fPM', 'Wednesday: 6:30\u202fAM\u2009–\u20095:00\u202fPM', 'Thursday: 6:30\u202fAM\u2009–\u20095:00\u202fPM', 'Friday: 6:30\u202fAM\u2009–\u20095:00\u202fPM', 'Saturday: Closed', 'Sunday: Closed'], 'nextOpenTime': '2026-01-26T06:30:00Z'}",4.7,,,"{'startPrice': {'currencyCode': 'GBP', 'units': '1'}, 'endPrice': {'currencyCode': 'GBP', 'units': '10'}}"
ChIJL7I3vfoddkgRTGYC_5-RGt0,"St Botolph without, Bishopsgate, London EC2M 3TL, UK",-0.0814703,51.5166202,The Good Coffee Kiosk,"['point_of_interest', 'establishment']",,020 7588 3388,https://botolph.org.uk/the-good-coffee-kiosk/,15,"{'openNow': False, 'periods': [{'open': {'day': 1, 'hour': 7, 'minute': 30}, 'close': {'day': 1, 'hour': 15, 'minute': 30}}, {'open': {'day': 2, 'hour': 7, 'minute': 30}, 'close': {'day': 2, 'hour': 15, 'minute': 30}}, {'open': {'day': 3, 'hour': 7, 'minute': 30}, 'close': {'day': 3, 'hour': 15, 'minute': 30}}, {'open': {'day': 4, 'hour': 7, 'minute': 30}, 'close': {'day': 4, 'hour': 15, 'minute': 30}}], 'weekdayDescriptions': ['Monday: 7:30\u202fAM\u2009–\u20093:30\u202fPM', 'Tuesday: 7:30\u202fAM\u2009–\u20093:30\u202fPM', 'Wednesday: 7:30\u202fAM\u2009–\u20093:30\u202fPM', 'Thursday: 7:30\u202fAM\u2009–\u20093:30\u202fPM', 'Friday: Closed', 'Saturday: Closed', 'Sunday: Closed'], 'nextOpenTime': '2026-01-26T07:30:00Z'}",4.9,+44 20 7588 3388,,"{'startPrice': {'currencyCode': 'GBP', 'units': '1'}, 'endPrice': {'currencyCode': 'GBP', 'units': '10'}}"
ChIJddITI7cddkgRf-E1B8ZJG98,"Boxhall, 14, The Arcade, Liverpool St, London EC2M 7PN, UK",-0.0830592,51.517237,Boki Coffee - Liverpool St,"['coffee_shop', 'cafe', 'food_store', 'food', 'point_of_interest', 'store', 'establishment']",coffee_shop,,https://www.bokicoffee.com/,27,"{'openNow': False, 'periods': [{'open': {'day': 1, 'hour': 7, 'minute': 0}, 'close': {'day': 1, 'hour': 15, 'minute': 30}}, {'open': {'day': 2, 'hour': 7, 'minute': 0}, 'close': {'day': 2, 'hour': 15, 'minute': 30}}, {'open': {'day': 3, 'hour': 7, 'minute': 0}, 'close': {'day': 3, 'hour': 15, 'minute': 30}}, {'open': {'day': 4, 'hour': 7, 'minute': 0}, 'close': {'day': 4, 'hour': 15, 'minute': 30}}, {'open': {'day': 5, 'hour': 7, 'minute': 0}, 'close': {'day': 5, 'hour': 15, 'minute': 30}}, {'open': {'day': 6, 'hour': 9, 'minute': 0}, 'close': {'day': 6, 'hour': 14, 'minute': 30}}], 'weekdayDescriptions': ['Monday: 7:00\u202fAM\u2009–\u20093:30\u202fPM', 'Tuesday: 7:00\u202fAM\u2009–\u20093:30\u202fPM', 'Wednesday: 7:00\u202fAM\u2009–\u20093:30\u202fPM', 'Thursday: 7:00\u202fAM\u2009–\u20093:30\u202fPM', 'Friday: 7:00\u202fAM\u2009–\u20093:30\u202fPM', 'Saturday: 9:00\u202fAM\u2009–\u20092:30\u202fPM', 'Sunday: Closed'], 'nextOpenTime': '2026-01-26T07:00:00Z'}",4.8,,,"{'startPrice': {'currencyCode': 'GBP', 'units': '1'}, 'endPrice': {'currencyCode': 'GBP', 'units': '10'}}"
ChIJVwsd6-YddkgRv6955WqoBzQ,"43 Brushfield St, London E1 6AA, UK",-0.0768391,51.5192033,JENKI Matcha Spitalfields,"['cafe', 'food', 'point_of_interest', 'establishment']",cafe,,http://www.jenki.co.uk/,839,"{'openNow': False, 'periods': [{'open': {'day': 0, 'hour': 9, 'minute': 0}, 'close': {'day': 0, 'hour': 18, 'minute': 0}}, {'open': {'day': 1, 'hour': 8, 'minute': 0}, 'close': {'day': 1, 'hour': 19, 'minute': 0}}, {'open': {'day': 2, 'hour': 8, 'minute': 0}, 'close': {'day': 2, 'hour': 19, 'minute': 0}}, {'open': {'day': 3, 'hour': 8, 'minute': 0}, 'close': {'day': 3, 'hour': 19, 'minute': 0}}, {'open': {'day': 4, 'hour': 8, 'minute': 0}, 'close': {'day': 4, 'hour': 19, 'minute': 0}}, {'open': {'day': 5, 'hour': 8, 'minute': 0}, 'close': {'day': 5, 'hour': 19, 'minute': 0}}, {'open': {'day': 6, 'hour': 9, 'minute': 0}, 'close': {'day': 6, 'hour': 19, 'minute': 0}}], 'weekdayDescriptions': ['Monday: 8:00\u202fAM\u2009–\u20097:00\u202fPM', 'Tuesday: 8:00\u202fAM\u2009–\u20097:00\u202fPM', 'Wednesday: 8:00\u202fAM\u2009–\u20097:00\u202fPM', 'Thursday: 8:00\u202fAM\u2009–\u20097:00\u202fPM', 'Friday: 8:00\u202fAM\u2009–\u20097:00\u202fPM', 'Saturday: 9:00\u202fAM\u2009–\u20097:00\u202fPM', 'Sunday: 9:00\u202fAM\u2009–\u20096:00\u202fPM'], 'nextOpenTime': '2026-01-25T09:00:00Z'}",4.3,,,"{'startPrice': {'currencyCode': 'GBP', 'units': '1'}, 'endPrice': {'currencyCode': 'GBP', 'units': '10'}}"
ChIJfXSWmlgddkgRT1ANOae0byc,"71 Moorgate, London EC2R 6BH, UK",-0.0889829,51.5171687,Party At Moorgate by The Roasting Party,"['coffee_shop', 'cafe', 'food_store', 'food', 'point_of_interest', 'store', 'establishment']",coffee_shop,020 7730 6655,https://roastingparty.co.uk/,90,"{'openNow': False, 'periods': [{'open': {'day': 1, 'hour': 7, 'minute': 0}, 'close': {'day': 1, 'hour': 16, 'minute': 0}}, {'open': {'day': 2, 'hour': 7, 'minute': 0}, 'close': {'day': 2, 'hour': 16, 'minute': 0}}, {'open': {'day': 3, 'hour': 7, 'minute': 0}, 'close': {'day': 3, 'hour': 16, 'minute': 0}}, {'open': {'day': 4, 'hour': 7, 'minute': 0}, 'close': {'day': 4, 'hour': 16, 'minute': 0}}, {'open': {'day': 5, 'hour': 7, 'minute': 0}, 'close': {'day': 5, 'hour': 13, 'minute': 30}}], 'weekdayDescriptions': ['Monday: 7:00\u202fAM\u2009–\u20094:00\u202fPM', 'Tuesday: 7:00\u202fAM\u2009–\u20094:00\u202fPM', 'Wednesday: 7:00\u202fAM\u2009–\u20094:00\u202fPM', 'Thursday: 7:00\u202fAM\u2009–\u20094:00\u202fPM', 'Friday: 7:00\u202fAM\u2009–\u20091:30\u202fPM', 'Saturday: Closed', 'Sunday: Closed'], 'nextOpenTime': '2026-01-26T07:00:00Z'}",4.8,+44 20 7730 6655,,"{'startPrice': {'currencyCode': 'GBP', 'units': '1'}, 'endPrice': {'currencyCode': 'GBP', 'units': '10'}}"
ChIJczrPgrQcdkgROr6rWvtbMF0,"9 Harrow Pl, London E1 7DB, UK",-0.077316,51.516136,Fazenda UK,"['italian_restaurant', 'coffee_shop', 'cafe', 'food_store', 'restaurant', 'food', 'point_of_interest', 'store', 'establishment']",italian_restaurant,020 7375 0577,http://www.fazenda.london/,379,"{'openNow': False, 'periods': [{'open': {'day': 1, 'hour': 7, 'minute': 30}, 'close': {'day': 1, 'hour': 17, 'minute': 30}}, {'open': {'day': 2, 'hour': 7, 'minute': 30}, 'close': {'day': 2, 'hour': 17, 'minute': 30}}, {'open': {'day': 3, 'hour': 7, 'minute': 30}, 'close': {'day': 3, 'hour': 17, 'minute': 30}}, {'open': {'day': 4, 'hour': 7, 'minute': 30}, 'close': {'day': 4, 'hour': 17, 'minute': 30}}, {'open': {'day': 5, 'hour': 7, 'minute': 30}, 'close': {'day': 5, 'hour': 17, 'minute': 30}}], 'weekdayDescriptions': ['Monday: 7:30\u202fAM\u2009–\u20095:30\u202fPM', 'Tuesday: 7:30\u202fAM\u2009–\u20095:30\u202fPM', 'Wednesday: 7:30\u202fAM\u2009–\u20095:30\u202fPM', 'Thursday: 7:30\u202fAM\u2009–\u20095:30\u202fPM', 'Friday: 7:30\u202fAM\u2009–\u20095:30\u202fPM', 'Saturday: Closed', 'Sunday: Closed'], 'nextOpenTime': '2026-01-26T07:30:00Z'}",4.8,+44 20 7375 0577,PRICE_LEVEL_INEXPENSIVE,"{'startPrice': {'currencyCode': 'GBP', 'units': '10'}, 'endPrice': {'currencyCode': 'GBP', 'units': '20'}}"
ChIJlQ17gSEddkgRjGARmAa0RG8,"1A New St, London EC2M 4TP, UK",-0.0799978,51.5174401,Saint Espresso - New Street,"['coffee_shop', 'cafe', 'food_store', 'food', 'point_of_interest', 'store', 'establishment']",coffee_shop,,https://www.saintespresso.com/,66,"{'openNow': False, 'periods': [{'open': {'day': 1, 'hour': 7, 'minute': 0}, 'close': {'day': 1, 'hour': 17, 'minute': 0}}, {'open': {'day': 2, 'hour': 7, 'minute': 0}, 'close': {'day': 2, 'hour': 17, 'minute': 0}}, {'open': {'day': 3, 'hour': 7, 'minute': 0}, 'close': {'day': 3, 'hour': 17, 'minute': 0}}, {'open': {'day': 4, 'hour': 7, 'minute': 0}, 'close': {'day': 4, 'hour': 17, 'minute': 0}}, {'open': {'day': 5, 'hour': 7, 'minute': 0}, 'close': {'day': 5, 'hour': 17, 'minute': 0}}], 'weekdayDescriptions': ['Monday: 7:00\u202fAM\u2009–\u20095:00\u202fPM', 'Tuesday: 7:00\u202fAM\u2009–\u20095:00\u202fPM', 'Wednesday: 7:00\u202fAM\u2009–\u20095:00\u202fPM', 'Thursday: 7:00\u202fAM\u2009–\u20095:00\u202fPM', 'Friday: 7:00\u202fAM\u2009–\u20095:00\u202fPM', 'Saturday: Closed', 'Sunday: Closed'], 'nextOpenTime': '2026-01-26T07:00:00Z'}",4.8,,,"{'startPrice': {'currencyCode': 'GBP', 'units': '1'}, 'endPrice': {'currencyCode': 'GBP', 'units': '10'}}"
ChIJ051aS7kddkgRVtm39Ve9yPI,"207 City Rd, London EC1V 1JT, UK",-0.0910692,51.5282502,Commons at Old Street Works,"['coffee_shop', 'cafe', 'food_store', 'food', 'point_of_interest', 'store', 'establishment']",coffee_shop,,http://www.commonsat.co.uk/,228,"{'openNow': False, 'periods': [{'open': {'day': 1, 'hour': 7, 'minute': 30}, 'close': {'day': 1, 'hour': 17, 'minute': 0}}, {'open': {'day': 2, 'hour': 7, 'minute': 30}, 'close': {'day': 2, 'hour': 17, 'minute': 0}}, {'open': {'day': 3, 'hour': 7, 'minute': 30}, 'close': {'day': 3, 'hour': 17, 'minute': 0}}, {'open': {'day': 4, 'hour': 7, 'minute': 30}, 'close': {'day': 4, 'hour': 17, 'minute': 0}}, {'open': {'day': 5, 'hour': 7, 'minute': 30}, 'close': {'day': 5, 'hour': 17, 'minute': 0}}, {'open': {'day': 6, 'hour': 9, 'minute': 0}, 'close': {'day': 6, 'hour': 16, 'minute': 0}}], 'weekdayDescriptions': ['Monday: 7:30\u202fAM\u2009–\u20095:00\u202fPM', 'Tuesday: 7:30\u202fAM\u2009–\u20095:00\u202fPM', 'Wednesday: 7:30\u202fAM\u2009–\u20095:00\u202fPM', 'Thursday: 7:30\u202fAM\u2009–\u20095:00\u202fPM', 'Friday: 7:30\u202fAM\u2009–\u20095:00\u202fPM', 'Saturday: 9:00\u202fAM\u2009–\u20094:00\u202fPM', 'Sunday: Closed'], 'nextOpenTime': '2026-01-26T07:30:00Z'}",4.8,,,"{'startPrice': {'currencyCode': 'GBP', 'units': '1'}, 'endPrice': {'currencyCode': 'GBP', 'units': '10'}}"
ChIJx6jVxGUddkgRIM72jZYpZ90,"10, Cleeve Workshops, Boundary St, London E2 7JD, UK",-0.0771524,51.5260899,The Umbrella Workshop (The Umbrella Project),"['liquor_store', 'point_of_interest', 'store', 'establishment']",liquor_store,020 7739 4951,https://theumbrellaproject.co.uk/bricks-and-mortar/,168,"{'openNow': True, 'periods': [{'open': {'day': 0, 'hour': 12, 'minute': 0}, 'close': {'day': 0, 'hour': 22, 'minute': 0}}, {'open': {'day': 1, 'hour': 12, 'minute': 0}, 'close': {'day': 1, 'hour': 22, 'minute': 0}}, {'open': {'day': 2, 'hour': 12, 'minute': 0}, 'close': {'day': 2, 'hour': 22, 'minute': 0}}, {'open': {'day': 3, 'hour': 12, 'minute': 0}, 'close': {'day': 3, 'hour': 22, 'minute': 0}}, {'open': {'day': 4, 'hour': 12, 'minute': 0}, 'close': {'day': 4, 'hour': 22, 'minute': 0}}, {'open': {'day': 5, 'hour': 12, 'minute': 0}, 'close': {'day': 5, 'hour': 22, 'minute': 0}}, {'open': {'day': 6, 'hour': 12, 'minute': 0}, 'close': {'day': 6, 'hour': 22, 'minute': 0}}], 'weekdayDescriptions': ['Monday: 12:00\u2009–\u200910:00\u202fPM', 'Tuesday: 12:00\u2009–\u200910:00\u202fPM', 'Wednesday: 12:00\u2009–\u200910:00\u202fPM', 'Thursday: 12:00\u2009–\u200910:00\u202fPM', 'Friday: 12:00\u2009–\u200910:00\u202fPM', 'Saturday: 12:00\u2009–\u200910:00\u202fPM', 'Sunday: 12:00\u2009–\u200910:00\u202fPM'], 'nextCloseTime': '2026-01-24T22:00:00Z'}",5,+44 20 7739 4951,,
ChIJLWv3G6YcdkgRm3YOJwo4rXc,"213 Old St, London EC1V 9NR, UK",-0.0881551,51.5259598,Grind,"['cafe', 'brunch_restaurant', 'bar', 'restaurant', 'food', 'point_of_interest', 'establishment']",cafe,020 7490 7490,https://grind.co.uk/pages/shoreditch-grind,3009,"{'openNow': True, 'periods': [{'open': {'day': 0, 'hour': 9, 'minute': 0}, 'close': {'day': 0, 'hour': 17, 'minute': 0}}, {'open': {'day': 1, 'hour': 7, 'minute': 30}, 'close': {'day': 1, 'hour': 17, 'minute': 0}}, {'open': {'day': 2, 'hour': 7, 'minute': 30}, 'close': {'day': 2, 'hour': 21, 'minute': 0}}, {'open': {'day': 3, 'hour': 7, 'minute': 30}, 'close': {'day': 3, 'hour': 21, 'minute': 0}}, {'open': {'day': 4, 'hour': 7, 'minute': 30}, 'close': {'day': 4, 'hour': 22, 'minute': 0}}, {'open': {'day': 5, 'hour': 7, 'minute': 30}, 'close': {'day': 5, 'hour': 22, 'minute': 0}}, {'open': {'day': 6, 'hour': 9, 'minute': 0}, 'close': {'day': 6, 'hour': 22, 'minute': 0}}], 'weekdayDescriptions': ['Monday: 7:30\u202fAM\u2009–\u20095:00\u202fPM', 'Tuesday: 7:30\u202fAM\u2009–\u20099:00\u202fPM', 'Wednesday: 7:30\u202fAM\u2009–\u20099:00\u202fPM', 'Thursday: 7:30\u202fAM\u2009–\u200910:00\u202fPM', 'Friday: 7:30\u202fAM\u2009–\u200910:00\u202fPM', 'Saturday: 9:00\u202fAM\u2009–\u200910:00\u202fPM', 'Sunday: 9:00\u202fAM\u2009–\u20095:00\u202fPM'], 'nextCloseTime': '2026-01-24T22:00:00Z'}",4.3,+44 20 7490 7490,PRICE_LEVEL_MODERATE,"{'startPrice': {'currencyCode': 'GBP', 'units': '1'}, 'endPrice': {'currencyCode': 'GBP', 'units': '20'}}"
ChIJFXsgIdoddkgRjytvD-5Z49E,"6 Ravey St, London EC2A 4QW, UK",-0.0821916,51.5248258,Small square cafe,"['cafe', 'food', 'point_of_interest', 'establishment']",cafe,020 3417 4730,,436,"{'openNow': False, 'periods': [{'open': {'day': 0, 'hour': 7, 'minute': 30}, 'close': {'day': 0, 'hour': 13, 'minute': 0}}, {'open': {'day': 1, 'hour': 6, 'minute': 30}, 'close': {'day': 1, 'hour': 15, 'minute': 30}}, {'open': {'day': 2, 'hour': 6, 'minute': 30}, 'close': {'day': 2, 'hour': 15, 'minute': 30}}, {'open': {'day': 3, 'hour': 6, 'minute': 30}, 'close': {'day': 3, 'hour': 15, 'minute': 30}}, {'open': {'day': 4, 'hour': 6, 'minute': 30}, 'close': {'day': 4, 'hour': 15, 'minute': 30}}, {'open': {'day': 5, 'hour': 6, 'minute': 30}, 'close': {'day': 5, 'hour': 15, 'minute': 30}}, {'open': {'day': 6, 'hour': 7, 'minute': 30}, 'close': {'day': 6, 'hour': 13, 'minute': 0}}], 'weekdayDescriptions': ['Monday: 6:30\u202fAM\u2009–\u20093:30\u202fPM', 'Tuesday: 6:30\u202fAM\u2009–\u20093:30\u202fPM', 'Wednesday: 6:30\u202fAM\u2009–\u20093:30\u202fPM', 'Thursday: 6:30\u202fAM\u2009–\u20093:30\u202fPM', 'Friday: 6:30\u202fAM\u2009–\u20093:30\u202fPM', 'Saturday: 7:30\u202fAM\u2009–\u20091:00\u202fPM', 'Sunday: 7:30\u202fAM\u2009–\u20091:00\u202fPM'], 'nextOpenTime': '2026-01-25T07:30:00Z'}",4.9,+44 20 3417 4730,,"{'startPrice': {'currencyCode': 'GBP', 'units': '1'}, 'endPrice': {'currencyCode': 'GBP', 'units': '10'}}"
ChIJBZb6sIQddkgR3UXkThtiZ1M,"3 Bowl Ct, London EC2A 3BH, UK",-0.0790038,51.5223487,Nekter Deli,"['deli', 'food_store', 'food', 'point_of_interest', 'store', 'establishment']",deli,,https://www.nekterwines.com/deli,49,"{'openNow': True, 'periods': [{'open': {'day': 2, 'hour': 9, 'minute': 0}, 'close': {'day': 2, 'hour': 21, 'minute': 30}}, {'open': {'day': 3, 'hour': 9, 'minute': 0}, 'close': {'day': 3, 'hour': 21, 'minute': 30}}, {'open': {'day': 4, 'hour': 9, 'minute': 0}, 'close': {'day': 4, 'hour': 21, 'minute': 30}}, {'open': {'day': 5, 'hour': 9, 'minute': 0}, 'close': {'day': 5, 'hour': 21, 'minute': 30}}, {'open': {'day': 6, 'hour': 9, 'minute': 0}, 'close': {'day': 6, 'hour': 21, 'minute': 30}}], 'weekdayDescriptions': ['Monday: Closed', 'Tuesday: 9:00\u202fAM\u2009–\u20099:30\u202fPM', 'Wednesday: 9:00\u202fAM\u2009–\u20099:30\u202fPM', 'Thursday: 9:00\u202fAM\u2009–\u20099:30\u202fPM', 'Friday: 9:00\u202fAM\u2009–\u20099:30\u202fPM', 'Saturday: 9:00\u202fAM\u2009–\u20099:30\u202fPM', 'Sunday: Closed'], 'nextCloseTime': '2026-01-24T21:30:00Z'}",5,,,"{'startPrice': {'currencyCode': 'GBP', 'units': '10'}, 'endPrice': {'currencyCode': 'GBP', 'units': '20'}}"
ChIJb4Di0akcdkgR0clqVwnprKE,"Fortune Street Park, 18 Fortune St, London EC1Y 0SB, UK",-0.0930762,51.5224123,Giddy Up Coffee,"['coffee_shop', 'cafe', 'food_store', 'food', 'point_of_interest', 'store', 'establishment']",coffee_shop,,,238,"{'openNow': False, 'periods': [{'open': {'day': 0, 'hour': 10, 'minute': 0}, 'close': {'day': 0, 'hour': 16, 'minute': 0}}, {'open': {'day': 1, 'hour': 8, 'minute': 0}, 'close': {'day': 1, 'hour': 16, 'minute': 0}}, {'open': {'day': 2, 'hour': 8, 'minute': 0}, 'close': {'day': 2, 'hour': 16, 'minute': 0}}, {'open': {'day': 3, 'hour': 8, 'minute': 0}, 'close': {'day': 3, 'hour': 16, 'minute': 0}}, {'open': {'day': 4, 'hour': 8, 'minute': 0}, 'close': {'day': 4, 'hour': 16, 'minute': 0}}, {'open': {'day': 5, 'hour': 8, 'minute': 0}, 'close': {'day': 5, 'hour': 16, 'minute': 0}}, {'open': {'day': 6, 'hour': 10, 'minute': 0}, 'close': {'day': 6, 'hour': 16, 'minute': 0}}], 'weekdayDescriptions': ['Monday: 8:00\u202fAM\u2009–\u20094:00\u202fPM', 'Tuesday: 8:00\u202fAM\u2009–\u20094:00\u202fPM', 'Wednesday: 8:00\u202fAM\u2009–\u20094:00\u202fPM', 'Thursday: 8:00\u202fAM\u2009–\u20094:00\u202fPM', 'Friday: 8:00\u202fAM\u2009–\u20094:00\u202fPM', 'Saturday: 10:00\u202fAM\u2009–\u20094:00\u202fPM', 'Sunday: 10:00\u202fAM\u2009–\u20094:00\u202fPM'], 'nextOpenTime': '2026-01-25T10:00:00Z'}",4.6,,PRICE_LEVEL_MODERATE,"{'startPrice': {'currencyCode': 'GBP', 'units': '1'}, 'endPrice': {'currencyCode': 'GBP', 'units': '10'}}"
ChIJg2X4CncddkgRl2T9bFYU8M0,"4 Leonard Circus, London EC2A 4DQ, UK",-0.0837506,51.5244699,The Photobook Cáfe UK,"['cafe', 'art_gallery', 'library', 'event_venue', 'bar', 'food', 'point_of_interest', 'establishment']",cafe,,https://www.photobookuk.org/,149,"{'openNow': True, 'periods': [{'open': {'day': 0, 'hour': 10, 'minute': 0}, 'close': {'day': 0, 'hour': 16, 'minute': 0}}, {'open': {'day': 1, 'hour': 8, 'minute': 0}, 'close': {'day': 1, 'hour': 22, 'minute': 30}}, {'open': {'day': 2, 'hour': 8, 'minute': 0}, 'close': {'day': 2, 'hour': 22, 'minute': 30}}, {'open': {'day': 3, 'hour': 8, 'minute': 0}, 'close': {'day': 3, 'hour': 22, 'minute': 30}}, {'open': {'day': 4, 'hour': 8, 'minute': 0}, 'close': {'day': 4, 'hour': 22, 'minute': 30}}, {'open': {'day': 5, 'hour': 8, 'minute': 0}, 'close': {'day': 5, 'hour': 22, 'minute': 30}}, {'open': {'day': 6, 'hour': 10, 'minute': 0}, 'close': {'day': 6, 'hour': 22, 'minute': 0}}], 'weekdayDescriptions': ['Monday: 8:00\u202fAM\u2009–\u200910:30\u202fPM', 'Tuesday: 8:00\u202fAM\u2009–\u200910:30\u202fPM', 'Wednesday: 8:00\u202fAM\u2009–\u200910:30\u202fPM', 'Thursday: 8:00\u202fAM\u2009–\u200910:30\u202fPM', 'Friday: 8:00\u202fAM\u2009–\u200910:30\u202fPM', 'Saturday: 10:00\u202fAM\u2009–\u200910:00\u202fPM', 'Sunday: 10:00\u202fAM\u2009–\u20094:00\u202fPM'], 'nextCloseTime': '2026-01-24T22:00:00Z'}",4.4,,,"{'startPrice': {'currencyCode': 'GBP', 'units': '1'}, 'endPrice': {'currencyCode': 'GBP', 'units': '10'}}"
ChIJCSV-33URdkgROuidQRxQjkU,"128 City Rd, London EC1V 2NX, UK",-0.0888229,51.5272749,Hamdan Coffee,"['food_store', 'food', 'point_of_interest', 'store', 'establishment']",food_store,07787 213402,http://www.hamdancoffee.com/,131,"{'openNow': False, 'periods': [{'open': {'day': 1, 'hour': 9, 'minute': 0}, 'close': {'day': 1, 'hour': 17, 'minute': 0}}, {'open': {'day': 2, 'hour': 9, 'minute': 0}, 'close': {'day': 2, 'hour': 17, 'minute': 0}}, {'open': {'day': 3, 'hour': 9, 'minute': 0}, 'close': {'day': 3, 'hour': 17, 'minute': 0}}, {'open': {'day': 4, 'hour': 9, 'minute': 0}, 'close': {'day': 4, 'hour': 17, 'minute': 0}}, {'open': {'day': 5, 'hour': 9, 'minute': 0}, 'close': {'day': 5, 'hour': 17, 'minute': 0}}, {'open': {'day': 6, 'hour': 9, 'minute': 0}, 'close': {'day': 6, 'hour': 17, 'minute': 0}}], 'weekdayDescriptions': ['Monday: 9:00\u202fAM\u2009–\u20095:00\u202fPM', 'Tuesday: 9:00\u202fAM\u2009–\u20095:00\u202fPM', 'Wednesday: 9:00\u202fAM\u2009–\u20095:00\u202fPM', 'Thursday: 9:00\u202fAM\u2009–\u20095:00\u202fPM', 'Friday: 9:00\u202fAM\u2009–\u20095:00\u202fPM', 'Saturday: 9:00\u202fAM\u2009–\u20095:00\u202fPM', 'Sunday: Closed'], 'nextOpenTime': '2026-01-26T09:00:00Z'}",5,+44 7787 213402,,"{'startPrice': {'currencyCode': 'GBP', 'units': '1'}, 'endPrice': {'currencyCode': 'GBP', 'units': '10'}}"
ChIJS8nxesoddkgRgb1ZxwTDky4,"92 Old St, London EC1V 9AY, UK",-0.093895,51.524609,The Coffee Tree,"['coffee_shop', 'cafe', 'food_store', 'food', 'point_of_interest', 'store', 'establishment']",coffee_shop,,http://www.coffeetreegroup.co.uk/,182,"{'openNow': False, 'periods': [{'open': {'day': 0, 'hour': 9, 'minute': 0}, 'close': {'day': 0, 'hour': 17, 'minute': 0}}, {'open': {'day': 1, 'hour': 8, 'minute': 0}, 'close': {'day': 1, 'hour': 17, 'minute': 0}}, {'open': {'day': 2, 'hour': 8, 'minute': 0}, 'close': {'day': 2, 'hour': 17, 'minute': 0}}, {'open': {'day': 3, 'hour': 8, 'minute': 0}, 'close': {'day': 3, 'hour': 17, 'minute': 0}}, {'open': {'day': 4, 'hour': 8, 'minute': 0}, 'close': {'day': 4, 'hour': 17, 'minute': 0}}, {'open': {'day': 5, 'hour': 8, 'minute': 0}, 'close': {'day': 5, 'hour': 17, 'minute': 0}}, {'open': {'day': 6, 'hour': 9, 'minute': 0}, 'close': {'day': 6, 'hour': 17, 'minute': 0}}], 'weekdayDescriptions': ['Monday: 8:00\u202fAM\u2009–\u20095:00\u202fPM', 'Tuesday: 8:00\u202fAM\u2009–\u20095:00\u202fPM', 'Wednesday: 8:00\u202fAM\u2009–\u20095:00\u202fPM', 'Thursday: 8:00\u202fAM\u2009–\u20095:00\u202fPM', 'Friday: 8:00\u202fAM\u2009–\u20095:00\u202fPM', 'Saturday: 9:00\u202fAM\u2009–\u20095:00\u202fPM', 'Sunday: 9:00\u202fAM\u2009–\u20095:00\u202fPM'], 'nextOpenTime': '2026-01-25T09:00:00Z'}",4.5,,,"{'startPrice': {'currencyCode': 'GBP', 'units': '1'}, 'endPrice': {'currencyCode': 'GBP', 'units': '10'}}"
ChIJ7zG_EbocdkgRV8rlCH8QgRc,"8 Calvert Ave, London E2 7JD, UK",-0.0773269,51.5262953,Beans love Greens,"['coffee_shop', 'cafe', 'food_store', 'food', 'point_of_interest', 'store', 'establishment']",coffee_shop,07778 205259,,145,"{'openNow': False, 'periods': [{'open': {'day': 0, 'hour': 9, 'minute': 0}, 'close': {'day': 0, 'hour': 16, 'minute': 0}}, {'open': {'day': 1, 'hour': 8, 'minute': 0}, 'close': {'day': 1, 'hour': 16, 'minute': 0}}, {'open': {'day': 2, 'hour': 8, 'minute': 0}, 'close': {'day': 2, 'hour': 16, 'minute': 0}}, {'open': {'day': 3, 'hour': 8, 'minute': 0}, 'close': {'day': 3, 'hour': 16, 'minute': 0}}, {'open': {'day': 4, 'hour': 8, 'minute': 0}, 'close': {'day': 4, 'hour': 16, 'minute': 0}}, {'open': {'day': 5, 'hour': 8, 'minute': 0}, 'close': {'day': 5, 'hour': 16, 'minute': 0}}, {'open': {'day': 6, 'hour': 9, 'minute': 0}, 'close': {'day': 6, 'hour': 16, 'minute': 0}}], 'weekdayDescriptions': ['Monday: 8:00\u202fAM\u2009–\u20094:00\u202fPM', 'Tuesday: 8:00\u202fAM\u2009–\u20094:00\u202fPM', 'Wednesday: 8:00\u202fAM\u2009–\u20094:00\u202fPM', 'Thursday: 8:00\u202fAM\u2009–\u20094:00\u202fPM', 'Friday: 8:00\u202fAM\u2009–\u20094:00\u202fPM', 'Saturday: 9:00\u202fAM\u2009–\u20094:00\u202fPM', 'Sunday: 9:00\u202fAM\u2009–\u20094:00\u202fPM'], 'nextOpenTime': '2026-01-25T09:00:00Z'}",4.7,+44 7778 205259,,"{'startPrice': {'currencyCode': 'GBP', 'units': '1'}, 'endPrice': {'currencyCode': 'GBP', 'units': '10'}}"
ChIJW9wtyLocdkgRDEGfeYrU7FM,"303 Old St, London EC1V 9LA, UK",-0.0816615,51.5268165,Amathus Shoreditch,"['liquor_store', 'wholesaler', 'food', 'point_of_interest', 'store', 'establishment']",liquor_store,020 7729 2111,https://www.amathusdrinks.com/page/store-shoreditch,154,"{'openNow': True, 'periods': [{'open': {'day': 0, 'hour': 11, 'minute': 0}, 'close': {'day': 0, 'hour': 19, 'minute': 30}}, {'open': {'day': 1, 'hour': 11, 'minute': 0}, 'close': {'day': 1, 'hour': 20, 'minute': 0}}, {'open': {'day': 2, 'hour': 11, 'minute': 0}, 'close': {'day': 2, 'hour': 20, 'minute': 0}}, {'open': {'day': 3, 'hour': 11, 'minute': 0}, 'close': {'day': 3, 'hour': 20, 'minute': 0}}, {'open': {'day': 4, 'hour': 11, 'minute': 0}, 'close': {'day': 4, 'hour': 21, 'minute': 0}}, {'open': {'day': 5, 'hour': 10, 'minute': 30}, 'close': {'day': 5, 'hour': 21, 'minute': 0}}, {'open': {'day': 6, 'hour': 10, 'minute': 30}, 'close': {'day': 6, 'hour': 21, 'minute': 0}}], 'weekdayDescriptions': ['Monday: 11:00\u202fAM\u2009–\u20098:00\u202fPM', 'Tuesday: 11:00\u202fAM\u2009–\u20098:00\u202fPM', 'Wednesday: 11:00\u202fAM\u2009–\u20098:00\u202fPM', 'Thursday: 11:00\u202fAM\u2009–\u20099:00\u202fPM', 'Friday: 10:30\u202fAM\u2009–\u20099:00\u202fPM', 'Saturday: 10:30\u202fAM\u2009–\u20099:00\u202fPM', 'Sunday: 11:00\u202fAM\u2009–\u20097:30\u202fPM'], 'nextCloseTime': '2026-01-24T21:00:00Z'}",4.7,+44 20 7729 2111,,
ChIJ_0JwcqgcdkgRjkY8GBUSRGg,"130 Old St, London EC1V 9BD, UK",-0.0922596,51.5248621,Mindful Coffee Ltd,"['food_store', 'food', 'point_of_interest', 'store', 'establishment']",food_store,0117 951 6918,https://mindfulcoffee.co.uk/,5,,5,+44 117 951 6918,,
ChIJ66Qb-aYcdkgRYyPsUppfmlU,"1 Westland Pl, London N1 7LP, UK",-0.0905889,51.5282965,Westland Coffee & Wine,"['coffee_shop', 'wine_bar', 'liquor_store', 'sandwich_shop', 'cafe', 'meal_takeaway', 'food_store', 'bar', 'restaurant', 'food', 'point_of_interest', 'store', 'establishment']",coffee_shop,,http://westlandcoffee.co.uk/,143,"{'openNow': False, 'periods': [{'open': {'day': 1, 'hour': 7, 'minute': 30}, 'close': {'day': 1, 'hour': 17, 'minute': 0}}, {'open': {'day': 2, 'hour': 7, 'minute': 30}, 'close': {'day': 2, 'hour': 17, 'minute': 0}}, {'open': {'day': 3, 'hour': 7, 'minute': 30}, 'close': {'day': 3, 'hour': 17, 'minute': 0}}, {'open': {'day': 4, 'hour': 7, 'minute': 30}, 'close': {'day': 4, 'hour': 17, 'minute': 0}}, {'open': {'day': 5, 'hour': 7, 'minute': 30}, 'close': {'day': 5, 'hour': 17, 'minute': 0}}], 'weekdayDescriptions': ['Monday: 7:30\u202fAM\u2009–\u20095:00\u202fPM', 'Tuesday: 7:30\u202fAM\u2009–\u20095:00\u202fPM', 'Wednesday: 7:30\u202fAM\u2009–\u20095:00\u202fPM', 'Thursday: 7:30\u202fAM\u2009–\u20095:00\u202fPM', 'Friday: 7:30\u202fAM\u2009–\u20095:00\u202fPM', 'Saturday: Closed', 'Sunday: Closed'], 'nextOpenTime': '2026-01-26T07:30:00Z'}",4.6,,PRICE_LEVEL_MODERATE,"{'startPrice': {'currencyCode': 'GBP', 'units': '1'}, 'endPrice': {'currencyCode': 'GBP', 'units': '10'}}"
ChIJCZ6sL6gcdkgRUYtjTynrh5I,"161A Whitecross St, London EC1Y 8JL, UK",-0.0933686,51.5233552,FWD:Coffee,"['coffee_shop', 'cafe', 'food_store', 'food', 'point_of_interest', 'store', 'establishment']",coffee_shop,,https://fwdcoffee.co.uk/,838,"{'openNow': False, 'periods': [{'open': {'day': 0, 'hour': 8, 'minute': 0}, 'close': {'day': 0, 'hour': 18, 'minute': 0}}, {'open': {'day': 1, 'hour': 7, 'minute': 0}, 'close': {'day': 1, 'hour': 18, 'minute': 0}}, {'open': {'day': 2, 'hour': 7, 'minute': 0}, 'close': {'day': 2, 'hour': 18, 'minute': 0}}, {'open': {'day': 3, 'hour': 7, 'minute': 0}, 'close': {'day': 3, 'hour': 18, 'minute': 0}}, {'open': {'day': 4, 'hour': 7, 'minute': 0}, 'close': {'day': 4, 'hour': 18, 'minute': 0}}, {'open': {'day': 5, 'hour': 7, 'minute': 0}, 'close': {'day': 5, 'hour': 18, 'minute': 0}}, {'open': {'day': 6, 'hour': 8, 'minute': 0}, 'close': {'day': 6, 'hour': 18, 'minute': 0}}], 'weekdayDescriptions': ['Monday: 7:00\u202fAM\u2009–\u20096:00\u202fPM', 'Tuesday: 7:00\u202fAM\u2009–\u20096:00\u202fPM', 'Wednesday: 7:00\u202fAM\u2009–\u20096:00\u202fPM', 'Thursday: 7:00\u202fAM\u2009–\u20096:00\u202fPM', 'Friday: 7:00\u202fAM\u2009–\u20096:00\u202fPM', 'Saturday: 8:00\u202fAM\u2009–\u20096:00\u202fPM', 'Sunday: 8:00\u202fAM\u2009–\u20096:00\u202fPM'], 'nextOpenTime': '2026-01-25T08:00:00Z'}",4.5,,PRICE_LEVEL_MODERATE,"{'startPrice': {'currencyCode': 'GBP', 'units': '1'}, 'endPrice': {'currencyCode': 'GBP', 'units': '10'}}"
ChIJl4wBnDkddkgR8H7b7r1bHD8,"32a Paul St, London EC2A 4LF, UK",-0.0841822,51.5236075,Alchemy Café - Old Street,"['coffee_shop', 'cafe', 'food_store', 'food', 'point_of_interest', 'store', 'establishment']",coffee_shop,,https://www.alchemycoffee.co.uk/,166,"{'openNow': False, 'periods': [{'open': {'day': 1, 'hour': 8, 'minute': 30}, 'close': {'day': 1, 'hour': 16, 'minute': 0}}, {'open': {'day': 2, 'hour': 8, 'minute': 0}, 'close': {'day': 2, 'hour': 16, 'minute': 0}}, {'open': {'day': 3, 'hour': 8, 'minute': 0}, 'close': {'day': 3, 'hour': 16, 'minute': 0}}, {'open': {'day': 4, 'hour': 8, 'minute': 0}, 'close': {'day': 4, 'hour': 16, 'minute': 0}}, {'open': {'day': 5, 'hour': 8, 'minute': 30}, 'close': {'day': 5, 'hour': 15, 'minute': 0}}], 'weekdayDescriptions': ['Monday: 8:30\u202fAM\u2009–\u20094:00\u202fPM', 'Tuesday: 8:00\u202fAM\u2009–\u20094:00\u202fPM', 'Wednesday: 8:00\u202fAM\u2009–\u20094:00\u202fPM', 'Thursday: 8:00\u202fAM\u2009–\u20094:00\u202fPM', 'Friday: 8:30\u202fAM\u2009–\u20093:00\u202fPM', 'Saturday: Closed', 'Sunday: Closed'], 'nextOpenTime': '2026-01-26T08:30:00Z'}",4.2,,,"{'startPrice': {'currencyCode': 'GBP', 'units': '1'}, 'endPrice': {'currencyCode': 'GBP', 'units': '10'}}"
ChIJQb40l58ddkgRFbn9VWcLMJA,"62 Great Eastern St, London EC2A 3QR, UK",-0.0816387,51.5252567,Kybelle Cafe,"['cafe', 'catering_service', 'breakfast_restaurant', 'vegan_restaurant', 'vegetarian_restaurant', 'food_delivery', 'coffee_shop', 'event_venue', 'food_store', 'bar', 'restaurant', 'food', 'point_of_interest', 'store', 'establishment']",cafe,020 7209 1727,https://www.kybelle.co.uk/,1407,"{'openNow': False, 'periods': [{'open': {'day': 0, 'hour': 9, 'minute': 0}, 'close': {'day': 0, 'hour': 17, 'minute': 0}}, {'open': {'day': 1, 'hour': 8, 'minute': 0}, 'close': {'day': 1, 'hour': 16, 'minute': 0}}, {'open': {'day': 2, 'hour': 8, 'minute': 0}, 'close': {'day': 2, 'hour': 16, 'minute': 0}}, {'open': {'day': 3, 'hour': 8, 'minute': 0}, 'close': {'day': 3, 'hour': 16, 'minute': 0}}, {'open': {'day': 4, 'hour': 8, 'minute': 0}, 'close': {'day': 4, 'hour': 16, 'minute': 0}}, {'open': {'day': 5, 'hour': 8, 'minute': 0}, 'close': {'day': 5, 'hour': 16, 'minute': 0}}, {'open': {'day': 6, 'hour': 9, 'minute': 0}, 'close': {'day': 6, 'hour': 17, 'minute': 0}}], 'weekdayDescriptions': ['Monday: 8:00\u202fAM\u2009–\u20094:00\u202fPM', 'Tuesday: 8:00\u202fAM\u2009–\u20094:00\u202fPM', 'Wednesday: 8:00\u202fAM\u2009–\u20094:00\u202fPM', 'Thursday: 8:00\u202fAM\u2009–\u20094:00\u202fPM', 'Friday: 8:00\u202fAM\u2009–\u20094:00\u202fPM', 'Saturday: 9:00\u202fAM\u2009–\u20095:00\u202fPM', 'Sunday: 9:00\u202fAM\u2009–\u20095:00\u202fPM'], 'nextOpenTime': '2026-01-25T09:00:00Z'}",4.8,+44 20 7209 1727,,"{'startPrice': {'currencyCode': 'GBP', 'units': '10'}, 'endPrice': {'currencyCode': 'GBP', 'units': '20'}}"
ChIJo7RVm6YcdkgRM0PBHWoYhqg,"42 Provost St, London N1 7SU, UK",-0.0883333,51.5288889,Coffee Junction,"['coffee_shop', 'breakfast_restaurant', 'sandwich_shop', 'cafe', 'food_store', 'restaurant', 'food', 'point_of_interest', 'store', 'establishment']",coffee_shop,020 3532 9875,https://www.42coffeejunction.co.uk/,434,"{'openNow': False, 'periods': [{'open': {'day': 0, 'hour': 9, 'minute': 0}, 'close': {'day': 0, 'hour': 16, 'minute': 0}}, {'open': {'day': 1, 'hour': 7, 'minute': 0}, 'close': {'day': 1, 'hour': 18, 'minute': 0}}, {'open': {'day': 2, 'hour': 7, 'minute': 0}, 'close': {'day': 2, 'hour': 18, 'minute': 0}}, {'open': {'day': 3, 'hour': 7, 'minute': 0}, 'close': {'day': 3, 'hour': 18, 'minute': 0}}, {'open': {'day': 4, 'hour': 7, 'minute': 0}, 'close': {'day': 4, 'hour': 18, 'minute': 0}}, {'open': {'day': 5, 'hour': 7, 'minute': 0}, 'close': {'day': 5, 'hour': 18, 'minute': 0}}, {'open': {'day': 6, 'hour': 9, 'minute': 0}, 'close': {'day': 6, 'hour': 16, 'minute': 0}}], 'weekdayDescriptions': ['Monday: 7:00\u202fAM\u2009–\u20096:00\u202fPM', 'Tuesday: 7:00\u202fAM\u2009–\u20096:00\u202fPM', 'Wednesday: 7:00\u202fAM\u2009–\u20096:00\u202fPM', 'Thursday: 7:00\u202fAM\u2009–\u20096:00\u202fPM', 'Friday: 7:00\u202fAM\u2009–\u20096:00\u202fPM', 'Saturday: 9:00\u202fAM\u2009–\u20094:00\u202fPM', 'Sunday: 9:00\u202fAM\u2009–\u20094:00\u202fPM'], 'nextOpenTime': '2026-01-25T09:00:00Z'}",4.4,+44 20 3532 9875,PRICE_LEVEL_MODERATE,"{'startPrice': {'currencyCode': 'GBP', 'units': '1'}, 'endPrice': {'currencyCode': 'GBP', 'units': '10'}}"
ChIJX9UPhOgddkgRnI_4BHd7YrY,"100 Shoreditch High St, London E1 6JQ, UK",-0.0772564,51.5255501,Origin Coffee (One Hundred Shoreditch),"['coffee_shop', 'cafe', 'food_store', 'food', 'point_of_interest', 'store', 'establishment']",coffee_shop,020 7613 9800,https://www.onehundredshoreditch.com/eat-drink/coffee-shop/?utm_source=google&utm_medium=local&utm_campaign=restaurant-coffeeshop,46,"{'openNow': False, 'periods': [{'open': {'day': 0, 'hour': 7, 'minute': 0}, 'close': {'day': 0, 'hour': 16, 'minute': 0}}, {'open': {'day': 1, 'hour': 7, 'minute': 0}, 'close': {'day': 1, 'hour': 16, 'minute': 0}}, {'open': {'day': 2, 'hour': 7, 'minute': 0}, 'close': {'day': 2, 'hour': 16, 'minute': 0}}, {'open': {'day': 3, 'hour': 7, 'minute': 0}, 'close': {'day': 3, 'hour': 16, 'minute': 0}}, {'open': {'day': 4, 'hour': 7, 'minute': 0}, 'close': {'day': 4, 'hour': 16, 'minute': 0}}, {'open': {'day': 5, 'hour': 7, 'minute': 0}, 'close': {'day': 5, 'hour': 16, 'minute': 0}}, {'open': {'day': 6, 'hour': 7, 'minute': 0}, 'close': {'day': 6, 'hour': 16, 'minute': 0}}], 'weekdayDescriptions': ['Monday: 7:00\u202fAM\u2009–\u20094:00\u202fPM', 'Tuesday: 7:00\u202fAM\u2009–\u20094:00\u202fPM', 'Wednesday: 7:00\u202fAM\u2009–\u20094:00\u202fPM', 'Thursday: 7:00\u202fAM\u2009–\u20094:00\u202fPM', 'Friday: 7:00\u202fAM\u2009–\u20094:00\u202fPM', 'Saturday: 7:00\u202fAM\u2009–\u20094:00\u202fPM', 'Sunday: 7:00\u202fAM\u2009–\u20094:00\u202fPM'], 'nextOpenTime': '2026-01-25T07:00:00Z'}",4.1,+44 20 7613 9800,,"{'startPrice': {'currencyCode': 'GBP', 'units': '1'}, 'endPrice': {'currencyCode': 'GBP', 'units': '10'}}"
ChIJj0Aa0akddkgR7-Ku8lzB7V8,"UNIT 4, 160 Old St, London EC1V 9BW, UK",-0.0910161,51.5251298,TRADE,"['coffee_shop', 'cafe', 'food_store', 'food', 'point_of_interest', 'store', 'establishment']",coffee_shop,020 7250 3409,https://trade-made.co.uk/,344,"{'openNow': False, 'periods': [{'open': {'day': 0, 'hour': 9, 'minute': 0}, 'close': {'day': 0, 'hour': 15, 'minute': 30}}, {'open': {'day': 1, 'hour': 8, 'minute': 0}, 'close': {'day': 1, 'hour': 16, 'minute': 0}}, {'open': {'day': 2, 'hour': 8, 'minute': 0}, 'close': {'day': 2, 'hour': 16, 'minute': 0}}, {'open': {'day': 3, 'hour': 8, 'minute': 0}, 'close': {'day': 3, 'hour': 16, 'minute': 0}}, {'open': {'day': 4, 'hour': 8, 'minute': 0}, 'close': {'day': 4, 'hour': 16, 'minute': 0}}, {'open': {'day': 5, 'hour': 8, 'minute': 0}, 'close': {'day': 5, 'hour': 16, 'minute': 0}}, {'open': {'day': 6, 'hour': 9, 'minute': 0}, 'close': {'day': 6, 'hour': 15, 'minute': 30}}], 'weekdayDescriptions': ['Monday: 8:00\u202fAM\u2009–\u20094:00\u202fPM', 'Tuesday: 8:00\u202fAM\u2009–\u20094:00\u202fPM', 'Wednesday: 8:00\u202fAM\u2009–\u20094:00\u202fPM', 'Thursday: 8:00\u202fAM\u2009–\u20094:00\u202fPM', 'Friday: 8:00\u202fAM\u2009–\u20094:00\u202fPM', 'Saturday: 9:00\u202fAM\u2009–\u20093:30\u202fPM', 'Sunday: 9:00\u202fAM\u2009–\u20093:30\u202fPM'], 'nextOpenTime': '2026-01-25T09:00:00Z'}",4.4,+44 20 7250 3409,,"{'startPrice': {'currencyCode': 'GBP', 'units': '10'}, 'endPrice': {'currencyCode': 'GBP', 'units': '20'}}"
